trail_name,picture
Tunnel View,"https://dynamic-media-cdn.tripadvisor.com/media/photo-o/23/46/09/4b/the-park-sign-with-tunnel.jpg?w=200&h=-1&s=1 1x,https://dynamic-media-cdn.tripadvisor.com/media/photo-o/23/46/09/4b/the-park-sign-with-tunnel.jpg?w=200&h=200&s=1 2x"
Tunnel View,"https://dynamic-media-cdn.tripadvisor.com/media/photo-o/23/46/08/c8/the-girls-with-the-view.jpg?w=200&h=-1&s=1 1x,https://dynamic-media-cdn.tripadvisor.com/media/photo-o/23/46/08/c8/the-girls-with-the-view.jpg?w=200&h=200&s=1 2x"
Tunnel View,"https://dynamic-media-cdn.tripadvisor.com/media/photo-o/23/46/08/c4/el-cap-and-half-dome.jpg?w=200&h=-1&s=1 1x,https://dynamic-media-cdn.tripadvisor.com/media/photo-o/23/46/08/c4/el-cap-and-half-dome.jpg?w=200&h=200&s=1 2x"
Tunnel View,"https://dynamic-media-cdn.tripadvisor.com/media/photo-o/23/46/08/bf/the-guys-at-tunnel-view.jpg?w=200&h=-1&s=1 1x,https://dynamic-media-cdn.tripadvisor.com/media/photo-o/23/46/08/bf/the-guys-at-tunnel-view.jpg?w=200&h=200&s=1 2x"
Tunnel View,"https://dynamic-media-cdn.tripadvisor.com/media/photo-o/23/46/08/bc/a-wider-angle.jpg?w=200&h=-1&s=1 1x,https://dynamic-media-cdn.tripadvisor.com/media/photo-o/23/46/08/bc/a-wider-angle.jpg?w=200&h=200&s=1 2x"
Tunnel View,"https://dynamic-media-cdn.tripadvisor.com/media/photo-o/23/46/08/bb/the-best-view-in-the.jpg?w=200&h=-1&s=1 1x,https://dynamic-media-cdn.tripadvisor.com/media/photo-o/23/46/08/bb/the-best-view-in-the.jpg?w=200&h=200&s=1 2x"
Tunnel View,"https://dynamic-media-cdn.tripadvisor.com/media/photo-o/23/46/08/ba/our-girls-at-tunnel-view.jpg?w=200&h=-1&s=1 1x,https://dynamic-media-cdn.tripadvisor.com/media/photo-o/23/46/08/ba/our-girls-at-tunnel-view.jpg?w=200&h=200&s=1 2x"
Tunnel View,"https://dynamic-media-cdn.tripadvisor.com/media/photo-o/23/46/08/b2/our-group-at-tunnel-view.jpg?w=200&h=-1&s=1 1x,https://dynamic-media-cdn.tripadvisor.com/media/photo-o/23/46/08/b2/our-group-at-tunnel-view.jpg?w=200&h=200&s=1 2x"
Tunnel View,"https://dynamic-media-cdn.tripadvisor.com/media/photo-o/23/46/08/b1/with-the-sun-on-the-rocks.jpg?w=200&h=-1&s=1 1x,https://dynamic-media-cdn.tripadvisor.com/media/photo-o/23/46/08/b1/with-the-sun-on-the-rocks.jpg?w=200&h=200&s=1 2x"
Tunnel View,"https://dynamic-media-cdn.tripadvisor.com/media/photo-o/23/46/08/af/my-wife-and-i-at-tunnel.jpg?w=200&h=-1&s=1 1x,https://dynamic-media-cdn.tripadvisor.com/media/photo-o/23/46/08/af/my-wife-and-i-at-tunnel.jpg?w=200&h=200&s=1 2x"
Tunnel View,"https://dynamic-media-cdn.tripadvisor.com/media/photo-o/22/02/63/e8/caption.jpg?w=200&h=-1&s=1 1x,https://dynamic-media-cdn.tripadvisor.com/media/photo-o/22/02/63/e8/caption.jpg?w=200&h=200&s=1 2x"
Tunnel View,"https://dynamic-media-cdn.tripadvisor.com/media/photo-o/22/02/63/e7/caption.jpg?w=100&h=-1&s=1 1x,https://dynamic-media-cdn.tripadvisor.com/media/photo-o/22/02/63/e7/caption.jpg?w=200&h=200&s=1 2x"
Tunnel View,"https://dynamic-media-cdn.tripadvisor.com/media/photo-o/22/02/63/e5/caption.jpg?w=200&h=-1&s=1 1x,https://dynamic-media-cdn.tripadvisor.com/media/photo-o/22/02/63/e5/caption.jpg?w=200&h=200&s=1 2x"
Tunnel View,"https://dynamic-media-cdn.tripadvisor.com/media/photo-o/2a/c8/79/e5/caption.jpg?w=200&h=-1&s=1 1x,https://dynamic-media-cdn.tripadvisor.com/media/photo-o/2a/c8/79/e5/caption.jpg?w=200&h=200&s=1 2x"
Tunnel View,"https://dynamic-media-cdn.tripadvisor.com/media/photo-o/1d/42/d6/d9/caption.jpg?w=300&h=-1&s=1 1x,https://dynamic-media-cdn.tripadvisor.com/media/photo-o/1d/42/d6/d9/caption.jpg?w=200&h=200&s=1 2x"
Tunnel View,"https://dynamic-media-cdn.tripadvisor.com/media/photo-o/1d/42/d6/d8/caption.jpg?w=200&h=-1&s=1 1x,https://dynamic-media-cdn.tripadvisor.com/media/photo-o/1d/42/d6/d8/caption.jpg?w=200&h=200&s=1 2x"
Tunnel View,"https://dynamic-media-cdn.tripadvisor.com/media/photo-o/29/60/db/6b/yosemite-valley-from.jpg?w=100&h=-1&s=1 1x,https://dynamic-media-cdn.tripadvisor.com/media/photo-o/29/60/db/6b/yosemite-valley-from.jpg?w=200&h=200&s=1 2x"
Tunnel View,"https://dynamic-media-cdn.tripadvisor.com/media/photo-o/1b/6e/c8/00/view-of-the-valley.jpg?w=200&h=-1&s=1 1x,https://dynamic-media-cdn.tripadvisor.com/media/photo-o/1b/6e/c8/00/view-of-the-valley.jpg?w=200&h=200&s=1 2x"
Bridalveil Fall,"https://dynamic-media-cdn.tripadvisor.com/media/photo-o/23/3c/68/82/the-guys-at-hanging-valley.jpg?w=100&h=-1&s=1 1x,https://dynamic-media-cdn.tripadvisor.com/media/photo-o/23/3c/68/82/the-guys-at-hanging-valley.jpg?w=200&h=200&s=1 2x"
Bridalveil Fall,"https://dynamic-media-cdn.tripadvisor.com/media/photo-o/23/3c/68/81/as-seen-far-in-the-distance.jpg?w=200&h=-1&s=1 1x,https://dynamic-media-cdn.tripadvisor.com/media/photo-o/23/3c/68/81/as-seen-far-in-the-distance.jpg?w=200&h=200&s=1 2x"
Bridalveil Fall,"https://dynamic-media-cdn.tripadvisor.com/media/photo-o/23/3c/68/80/the-waterfall-from-hanging.jpg?w=200&h=-1&s=1 1x,https://dynamic-media-cdn.tripadvisor.com/media/photo-o/23/3c/68/80/the-waterfall-from-hanging.jpg?w=200&h=200&s=1 2x"
Bridalveil Fall,"https://dynamic-media-cdn.tripadvisor.com/media/photo-o/23/3c/68/7f/the-girls-at-hanging.jpg?w=200&h=-1&s=1 1x,https://dynamic-media-cdn.tripadvisor.com/media/photo-o/23/3c/68/7f/the-girls-at-hanging.jpg?w=200&h=200&s=1 2x"
Bridalveil Fall,"https://dynamic-media-cdn.tripadvisor.com/media/photo-o/23/3c/68/7d/the-view-from-tunnel.jpg?w=200&h=-1&s=1 1x,https://dynamic-media-cdn.tripadvisor.com/media/photo-o/23/3c/68/7d/the-view-from-tunnel.jpg?w=200&h=200&s=1 2x"
Bridalveil Fall,"https://dynamic-media-cdn.tripadvisor.com/media/photo-o/23/3c/68/7b/beautiful-picture-from.jpg?w=200&h=-1&s=1 1x,https://dynamic-media-cdn.tripadvisor.com/media/photo-o/23/3c/68/7b/beautiful-picture-from.jpg?w=200&h=200&s=1 2x"
Bridalveil Fall,"https://dynamic-media-cdn.tripadvisor.com/media/photo-o/23/3c/68/7a/bridal-veil-from-tunnel.jpg?w=200&h=-1&s=1 1x,https://dynamic-media-cdn.tripadvisor.com/media/photo-o/23/3c/68/7a/bridal-veil-from-tunnel.jpg?w=200&h=200&s=1 2x"
Bridalveil Fall,"https://dynamic-media-cdn.tripadvisor.com/media/photo-o/1b/f1/f8/06/the-best-view-of-bridalveil.jpg?w=100&h=-1&s=1 1x,https://dynamic-media-cdn.tripadvisor.com/media/photo-o/1b/f1/f8/06/the-best-view-of-bridalveil.jpg?w=200&h=200&s=1 2x"
Bridalveil Fall,"https://dynamic-media-cdn.tripadvisor.com/media/photo-o/1b/f1/f8/02/one-view-through-the.jpg?w=100&h=-1&s=1 1x,https://dynamic-media-cdn.tripadvisor.com/media/photo-o/1b/f1/f8/02/one-view-through-the.jpg?w=200&h=200&s=1 2x"
Bridalveil Fall,"https://dynamic-media-cdn.tripadvisor.com/media/photo-o/1b/f1/f8/01/bridalveil-fall-mist.jpg?w=100&h=-1&s=1 1x,https://dynamic-media-cdn.tripadvisor.com/media/photo-o/1b/f1/f8/01/bridalveil-fall-mist.jpg?w=200&h=200&s=1 2x"
Bridalveil Fall,"https://dynamic-media-cdn.tripadvisor.com/media/photo-o/1d/42/cb/36/the-closest-we-got-to.jpg?w=200&h=-1&s=1 1x,https://dynamic-media-cdn.tripadvisor.com/media/photo-o/1d/42/cb/36/the-closest-we-got-to.jpg?w=200&h=200&s=1 2x"
Bridalveil Fall,"https://dynamic-media-cdn.tripadvisor.com/media/photo-o/24/cb/ae/51/the-rock-looks-like-the.jpg?w=200&h=-1&s=1 1x,https://dynamic-media-cdn.tripadvisor.com/media/photo-o/24/cb/ae/51/the-rock-looks-like-the.jpg?w=200&h=200&s=1 2x"
Bridalveil Fall,"https://dynamic-media-cdn.tripadvisor.com/media/photo-o/24/cb/ae/48/water-falling-down-the.jpg?w=200&h=-1&s=1 1x,https://dynamic-media-cdn.tripadvisor.com/media/photo-o/24/cb/ae/48/water-falling-down-the.jpg?w=200&h=200&s=1 2x"
Sentinel Dome,"https://dynamic-media-cdn.tripadvisor.com/media/photo-o/2a/aa/7a/8e/caption.jpg?w=200&h=-1&s=1 1x,https://dynamic-media-cdn.tripadvisor.com/media/photo-o/2a/aa/7a/8e/caption.jpg?w=200&h=200&s=1 2x"
Sentinel Dome,"https://dynamic-media-cdn.tripadvisor.com/media/photo-o/2a/aa/7a/6e/caption.jpg?w=200&h=-1&s=1 1x,https://dynamic-media-cdn.tripadvisor.com/media/photo-o/2a/aa/7a/6e/caption.jpg?w=200&h=200&s=1 2x"
Sentinel Dome,"https://dynamic-media-cdn.tripadvisor.com/media/photo-o/1b/80/a0/7b/panoramic-shot.jpg?w=600&h=-1&s=1 1x,https://dynamic-media-cdn.tripadvisor.com/media/photo-o/1b/80/a0/7b/panoramic-shot.jpg?w=200&h=200&s=1 2x"
Sentinel Dome,"https://dynamic-media-cdn.tripadvisor.com/media/photo-o/1b/80/a0/75/about-halfway-the-dome.jpg?w=300&h=-1&s=1 1x,https://dynamic-media-cdn.tripadvisor.com/media/photo-o/1b/80/a0/75/about-halfway-the-dome.jpg?w=200&h=200&s=1 2x"
Sentinel Dome,"https://dynamic-media-cdn.tripadvisor.com/media/photo-o/1b/80/a0/63/great-360-degree-views.jpg?w=200&h=-1&s=1 1x,https://dynamic-media-cdn.tripadvisor.com/media/photo-o/1b/80/a0/63/great-360-degree-views.jpg?w=200&h=200&s=1 2x"
Sentinel Dome,"https://dynamic-media-cdn.tripadvisor.com/media/photo-o/1b/80/a0/60/some-large-rocks-on-top.jpg?w=100&h=-1&s=1 1x,https://dynamic-media-cdn.tripadvisor.com/media/photo-o/1b/80/a0/60/some-large-rocks-on-top.jpg?w=200&h=200&s=1 2x"
Sentinel Dome,"https://dynamic-media-cdn.tripadvisor.com/media/photo-o/1d/1d/f9/1f/top-of-the-dome.jpg?w=200&h=-1&s=1 1x,https://dynamic-media-cdn.tripadvisor.com/media/photo-o/1d/1d/f9/1f/top-of-the-dome.jpg?w=200&h=200&s=1 2x"
Sentinel Dome,"https://dynamic-media-cdn.tripadvisor.com/media/photo-o/1d/1d/f9/13/top-of-the-dome.jpg?w=200&h=-1&s=1 1x,https://dynamic-media-cdn.tripadvisor.com/media/photo-o/1d/1d/f9/13/top-of-the-dome.jpg?w=200&h=200&s=1 2x"
Sentinel Dome,"https://dynamic-media-cdn.tripadvisor.com/media/photo-o/1d/1d/f9/09/top-of-the-dome.jpg?w=200&h=-1&s=1 1x,https://dynamic-media-cdn.tripadvisor.com/media/photo-o/1d/1d/f9/09/top-of-the-dome.jpg?w=200&h=200&s=1 2x"
Sentinel Dome,"https://dynamic-media-cdn.tripadvisor.com/media/photo-o/1d/5d/9e/26/caption.jpg?w=100&h=-1&s=1 1x,https://dynamic-media-cdn.tripadvisor.com/media/photo-o/1d/5d/9e/26/caption.jpg?w=200&h=200&s=1 2x"
Sentinel Dome,"https://dynamic-media-cdn.tripadvisor.com/media/photo-o/24/0a/85/fd/top-of-sentinel-dome.jpg?w=200&h=-1&s=1 1x,https://dynamic-media-cdn.tripadvisor.com/media/photo-o/24/0a/85/fd/top-of-sentinel-dome.jpg?w=200&h=200&s=1 2x"
Mist Trail,"https://dynamic-media-cdn.tripadvisor.com/media/photo-o/1b/a5/16/eb/vernal-falls-with-rainbow.jpg?w=100&h=-1&s=1 1x,https://dynamic-media-cdn.tripadvisor.com/media/photo-o/1b/a5/16/eb/vernal-falls-with-rainbow.jpg?w=200&h=200&s=1 2x"
Mist Trail,"https://dynamic-media-cdn.tripadvisor.com/media/photo-o/21/c3/f4/bd/steps-down-from-vernal.jpg?w=100&h=-1&s=1 1x,https://dynamic-media-cdn.tripadvisor.com/media/photo-o/21/c3/f4/bd/steps-down-from-vernal.jpg?w=200&h=200&s=1 2x"
Mist Trail,"https://dynamic-media-cdn.tripadvisor.com/media/photo-o/21/c3/f4/bc/steps-to-vernal-fall.jpg?w=100&h=-1&s=1 1x,https://dynamic-media-cdn.tripadvisor.com/media/photo-o/21/c3/f4/bc/steps-to-vernal-fall.jpg?w=200&h=200&s=1 2x"
Mist Trail,"https://dynamic-media-cdn.tripadvisor.com/media/photo-o/21/c3/f4/b6/vernal-fall.jpg?w=100&h=-1&s=1 1x,https://dynamic-media-cdn.tripadvisor.com/media/photo-o/21/c3/f4/b6/vernal-fall.jpg?w=200&h=200&s=1 2x"
Mist Trail,"https://dynamic-media-cdn.tripadvisor.com/media/photo-o/21/c3/f4/b0/vernal-fall.jpg?w=200&h=-1&s=1 1x,https://dynamic-media-cdn.tripadvisor.com/media/photo-o/21/c3/f4/b0/vernal-fall.jpg?w=200&h=200&s=1 2x"
Mist Trail,"https://dynamic-media-cdn.tripadvisor.com/media/photo-o/21/bb/93/e1/mist-trail.jpg?w=100&h=-1&s=1 1x,https://dynamic-media-cdn.tripadvisor.com/media/photo-o/21/bb/93/e1/mist-trail.jpg?w=200&h=200&s=1 2x"
Mist Trail,"https://dynamic-media-cdn.tripadvisor.com/media/photo-o/21/bb/93/dd/mist-trail.jpg?w=100&h=-1&s=1 1x,https://dynamic-media-cdn.tripadvisor.com/media/photo-o/21/bb/93/dd/mist-trail.jpg?w=200&h=200&s=1 2x"
Mist Trail,"https://dynamic-media-cdn.tripadvisor.com/media/photo-o/21/bb/93/db/vernal-fall.jpg?w=100&h=-1&s=1 1x,https://dynamic-media-cdn.tripadvisor.com/media/photo-o/21/bb/93/db/vernal-fall.jpg?w=200&h=200&s=1 2x"
Mist Trail,"https://dynamic-media-cdn.tripadvisor.com/media/photo-o/21/bb/93/d7/vernal-fall-steps.jpg?w=100&h=-1&s=1 1x,https://dynamic-media-cdn.tripadvisor.com/media/photo-o/21/bb/93/d7/vernal-fall-steps.jpg?w=200&h=200&s=1 2x"
Mist Trail,"https://dynamic-media-cdn.tripadvisor.com/media/photo-o/21/bb/93/d2/beginning-of-the-mist.jpg?w=100&h=-1&s=1 1x,https://dynamic-media-cdn.tripadvisor.com/media/photo-o/21/bb/93/d2/beginning-of-the-mist.jpg?w=200&h=200&s=1 2x"
Mist Trail,"https://dynamic-media-cdn.tripadvisor.com/media/photo-o/1b/93/cb/a1/photo6jpg.jpg?w=100&h=-1&s=1 1x,https://dynamic-media-cdn.tripadvisor.com/media/photo-o/1b/93/cb/a1/photo6jpg.jpg?w=200&h=200&s=1 2x"
Mist Trail,"https://dynamic-media-cdn.tripadvisor.com/media/photo-o/1b/93/cb/a0/photo5jpg.jpg?w=100&h=-1&s=1 1x,https://dynamic-media-cdn.tripadvisor.com/media/photo-o/1b/93/cb/a0/photo5jpg.jpg?w=200&h=200&s=1 2x"
Mist Trail,"https://dynamic-media-cdn.tripadvisor.com/media/photo-o/1b/93/cb/9f/photo4jpg.jpg?w=100&h=-1&s=1 1x,https://dynamic-media-cdn.tripadvisor.com/media/photo-o/1b/93/cb/9f/photo4jpg.jpg?w=200&h=200&s=1 2x"
Mist Trail,"https://dynamic-media-cdn.tripadvisor.com/media/photo-o/1b/93/cb/9e/photo3jpg.jpg?w=100&h=-1&s=1 1x,https://dynamic-media-cdn.tripadvisor.com/media/photo-o/1b/93/cb/9e/photo3jpg.jpg?w=200&h=200&s=1 2x"
Mist Trail,"https://dynamic-media-cdn.tripadvisor.com/media/photo-o/1b/93/cb/9d/photo2jpg.jpg?w=100&h=-1&s=1 1x,https://dynamic-media-cdn.tripadvisor.com/media/photo-o/1b/93/cb/9d/photo2jpg.jpg?w=200&h=200&s=1 2x"
Mist Trail,"https://dynamic-media-cdn.tripadvisor.com/media/photo-o/1b/93/cb/9c/photo1jpg.jpg?w=100&h=-1&s=1 1x,https://dynamic-media-cdn.tripadvisor.com/media/photo-o/1b/93/cb/9c/photo1jpg.jpg?w=200&h=200&s=1 2x"
Mist Trail,"https://dynamic-media-cdn.tripadvisor.com/media/photo-o/1b/93/cb/9b/photo0jpg.jpg?w=100&h=-1&s=1 1x,https://dynamic-media-cdn.tripadvisor.com/media/photo-o/1b/93/cb/9b/photo0jpg.jpg?w=200&h=200&s=1 2x"
Mist Trail,"https://dynamic-media-cdn.tripadvisor.com/media/photo-o/24/0a/81/79/penstamen-on-the-mist.jpg?w=200&h=-1&s=1 1x,https://dynamic-media-cdn.tripadvisor.com/media/photo-o/24/0a/81/79/penstamen-on-the-mist.jpg?w=200&h=200&s=1 2x"
Tioga Pass,"https://dynamic-media-cdn.tripadvisor.com/media/photo-o/24/89/6a/ca/tioga-pass.jpg?w=100&h=-1&s=1 1x,https://dynamic-media-cdn.tripadvisor.com/media/photo-o/24/89/6a/ca/tioga-pass.jpg?w=200&h=200&s=1 2x"
Tioga Pass,"https://dynamic-media-cdn.tripadvisor.com/media/photo-o/24/89/6a/bd/tioga-pass.jpg?w=200&h=-1&s=1 1x,https://dynamic-media-cdn.tripadvisor.com/media/photo-o/24/89/6a/bd/tioga-pass.jpg?w=200&h=200&s=1 2x"
Tioga Pass,"https://dynamic-media-cdn.tripadvisor.com/media/photo-o/24/89/6a/b5/tioga-pass.jpg?w=200&h=-1&s=1 1x,https://dynamic-media-cdn.tripadvisor.com/media/photo-o/24/89/6a/b5/tioga-pass.jpg?w=200&h=200&s=1 2x"
Tioga Pass,"https://dynamic-media-cdn.tripadvisor.com/media/photo-o/24/89/6a/a4/tioga-pass.jpg?w=200&h=-1&s=1 1x,https://dynamic-media-cdn.tripadvisor.com/media/photo-o/24/89/6a/a4/tioga-pass.jpg?w=200&h=200&s=1 2x"
Tioga Pass,"https://dynamic-media-cdn.tripadvisor.com/media/photo-o/24/89/6a/94/tioga-pass.jpg?w=200&h=-1&s=1 1x,https://dynamic-media-cdn.tripadvisor.com/media/photo-o/24/89/6a/94/tioga-pass.jpg?w=200&h=200&s=1 2x"
Tioga Pass,"https://dynamic-media-cdn.tripadvisor.com/media/photo-o/24/89/6a/92/tioga-pass.jpg?w=200&h=-1&s=1 1x,https://dynamic-media-cdn.tripadvisor.com/media/photo-o/24/89/6a/92/tioga-pass.jpg?w=200&h=200&s=1 2x"
Tioga Pass,"https://dynamic-media-cdn.tripadvisor.com/media/photo-o/24/89/6a/8e/tioga-pass.jpg?w=200&h=-1&s=1 1x,https://dynamic-media-cdn.tripadvisor.com/media/photo-o/24/89/6a/8e/tioga-pass.jpg?w=200&h=200&s=1 2x"
Tioga Pass,"https://dynamic-media-cdn.tripadvisor.com/media/photo-o/24/89/6a/8a/tioga-pass.jpg?w=200&h=-1&s=1 1x,https://dynamic-media-cdn.tripadvisor.com/media/photo-o/24/89/6a/8a/tioga-pass.jpg?w=200&h=200&s=1 2x"
Tioga Pass,"https://dynamic-media-cdn.tripadvisor.com/media/photo-o/24/89/6a/86/tioga-pass.jpg?w=100&h=-1&s=1 1x,https://dynamic-media-cdn.tripadvisor.com/media/photo-o/24/89/6a/86/tioga-pass.jpg?w=200&h=200&s=1 2x"
Tioga Pass,"https://dynamic-media-cdn.tripadvisor.com/media/photo-o/24/89/6a/84/tioga-pass.jpg?w=200&h=-1&s=1 1x,https://dynamic-media-cdn.tripadvisor.com/media/photo-o/24/89/6a/84/tioga-pass.jpg?w=200&h=200&s=1 2x"
Tioga Pass,"https://dynamic-media-cdn.tripadvisor.com/media/photo-o/24/89/6a/7e/tioga-pass.jpg?w=200&h=-1&s=1 1x,https://dynamic-media-cdn.tripadvisor.com/media/photo-o/24/89/6a/7e/tioga-pass.jpg?w=200&h=200&s=1 2x"
Tioga Pass,"https://dynamic-media-cdn.tripadvisor.com/media/photo-o/24/0a/80/0d/marmot-viewed-from-the.jpg?w=200&h=-1&s=1 1x,https://dynamic-media-cdn.tripadvisor.com/media/photo-o/24/0a/80/0d/marmot-viewed-from-the.jpg?w=200&h=200&s=1 2x"
Tioga Pass,"https://dynamic-media-cdn.tripadvisor.com/media/photo-o/24/0a/80/0b/tenaya-lake-viewed-from.jpg?w=200&h=-1&s=1 1x,https://dynamic-media-cdn.tripadvisor.com/media/photo-o/24/0a/80/0b/tenaya-lake-viewed-from.jpg?w=200&h=200&s=1 2x"
Tioga Pass,"https://dynamic-media-cdn.tripadvisor.com/media/photo-o/2a/39/68/dd/caption.jpg?w=100&h=-1&s=1 1x,https://dynamic-media-cdn.tripadvisor.com/media/photo-o/2a/39/68/dd/caption.jpg?w=200&h=200&s=1 2x"
Tioga Pass,"https://dynamic-media-cdn.tripadvisor.com/media/photo-o/2a/39/68/dc/caption.jpg?w=200&h=-1&s=1 1x,https://dynamic-media-cdn.tripadvisor.com/media/photo-o/2a/39/68/dc/caption.jpg?w=200&h=200&s=1 2x"
Tioga Pass,"https://dynamic-media-cdn.tripadvisor.com/media/photo-o/2a/39/68/db/caption.jpg?w=200&h=-1&s=1 1x,https://dynamic-media-cdn.tripadvisor.com/media/photo-o/2a/39/68/db/caption.jpg?w=200&h=200&s=1 2x"
Tioga Pass,"https://dynamic-media-cdn.tripadvisor.com/media/photo-o/2a/39/68/da/caption.jpg?w=100&h=-1&s=1 1x,https://dynamic-media-cdn.tripadvisor.com/media/photo-o/2a/39/68/da/caption.jpg?w=200&h=200&s=1 2x"
Tioga Pass,"https://dynamic-media-cdn.tripadvisor.com/media/photo-o/2a/39/68/d9/caption.jpg?w=100&h=-1&s=1 1x,https://dynamic-media-cdn.tripadvisor.com/media/photo-o/2a/39/68/d9/caption.jpg?w=200&h=200&s=1 2x"
Tioga Pass,"https://dynamic-media-cdn.tripadvisor.com/media/photo-o/2a/39/68/d8/caption.jpg?w=100&h=-1&s=1 1x,https://dynamic-media-cdn.tripadvisor.com/media/photo-o/2a/39/68/d8/caption.jpg?w=200&h=200&s=1 2x"
Vernal Fall,"https://dynamic-media-cdn.tripadvisor.com/media/photo-o/1b/6b/81/f1/vernal-falls-via-the.jpg?w=100&h=-1&s=1 1x,https://dynamic-media-cdn.tripadvisor.com/media/photo-o/1b/6b/81/f1/vernal-falls-via-the.jpg?w=200&h=200&s=1 2x"
Vernal Fall,"https://dynamic-media-cdn.tripadvisor.com/media/photo-o/1b/6b/81/f0/vernal-falls-via-the.jpg?w=100&h=-1&s=1 1x,https://dynamic-media-cdn.tripadvisor.com/media/photo-o/1b/6b/81/f0/vernal-falls-via-the.jpg?w=200&h=200&s=1 2x"
Vernal Fall,"https://dynamic-media-cdn.tripadvisor.com/media/photo-o/1b/6b/81/ef/vernal-falls-via-the.jpg?w=100&h=-1&s=1 1x,https://dynamic-media-cdn.tripadvisor.com/media/photo-o/1b/6b/81/ef/vernal-falls-via-the.jpg?w=200&h=200&s=1 2x"
Vernal Fall,"https://dynamic-media-cdn.tripadvisor.com/media/photo-o/1b/6b/81/ec/vernal-falls-via-the.jpg?w=100&h=-1&s=1 1x,https://dynamic-media-cdn.tripadvisor.com/media/photo-o/1b/6b/81/ec/vernal-falls-via-the.jpg?w=200&h=200&s=1 2x"
Vernal Fall,"https://dynamic-media-cdn.tripadvisor.com/media/photo-o/1b/6b/81/eb/vernal-falls-via-the.jpg?w=100&h=-1&s=1 1x,https://dynamic-media-cdn.tripadvisor.com/media/photo-o/1b/6b/81/eb/vernal-falls-via-the.jpg?w=200&h=200&s=1 2x"
Vernal Fall,"https://dynamic-media-cdn.tripadvisor.com/media/photo-o/1b/6b/81/ea/vernal-falls-via-the.jpg?w=100&h=-1&s=1 1x,https://dynamic-media-cdn.tripadvisor.com/media/photo-o/1b/6b/81/ea/vernal-falls-via-the.jpg?w=200&h=200&s=1 2x"
Vernal Fall,"https://dynamic-media-cdn.tripadvisor.com/media/photo-o/1d/5c/ad/0a/vernal-falls-from-clark.jpg?w=100&h=-1&s=1 1x,https://dynamic-media-cdn.tripadvisor.com/media/photo-o/1d/5c/ad/0a/vernal-falls-from-clark.jpg?w=200&h=200&s=1 2x"
Vernal Fall,"https://dynamic-media-cdn.tripadvisor.com/media/photo-o/25/60/f4/fc/caption.jpg?w=100&h=-1&s=1 1x,https://dynamic-media-cdn.tripadvisor.com/media/photo-o/25/60/f4/fc/caption.jpg?w=200&h=200&s=1 2x"
Vernal Fall,"https://dynamic-media-cdn.tripadvisor.com/media/photo-o/25/60/f4/fb/caption.jpg?w=100&h=-1&s=1 1x,https://dynamic-media-cdn.tripadvisor.com/media/photo-o/25/60/f4/fb/caption.jpg?w=200&h=200&s=1 2x"
Vernal Fall,"https://dynamic-media-cdn.tripadvisor.com/media/photo-o/25/60/f4/fa/caption.jpg?w=100&h=-1&s=1 1x,https://dynamic-media-cdn.tripadvisor.com/media/photo-o/25/60/f4/fa/caption.jpg?w=200&h=200&s=1 2x"
Vernal Fall,"https://dynamic-media-cdn.tripadvisor.com/media/photo-o/25/60/f4/f9/caption.jpg?w=100&h=-1&s=1 1x,https://dynamic-media-cdn.tripadvisor.com/media/photo-o/25/60/f4/f9/caption.jpg?w=200&h=200&s=1 2x"
Vernal Fall,"https://dynamic-media-cdn.tripadvisor.com/media/photo-o/25/60/f4/f8/caption.jpg?w=200&h=-1&s=1 1x,https://dynamic-media-cdn.tripadvisor.com/media/photo-o/25/60/f4/f8/caption.jpg?w=200&h=200&s=1 2x"
Vernal Fall,"https://dynamic-media-cdn.tripadvisor.com/media/photo-o/23/d2/50/e5/vernal-fall.jpg?w=100&h=-1&s=1 1x,https://dynamic-media-cdn.tripadvisor.com/media/photo-o/23/d2/50/e5/vernal-fall.jpg?w=200&h=200&s=1 2x"
Mariposa Grove of Giant Sequoias,"https://dynamic-media-cdn.tripadvisor.com/media/photo-o/1b/a9/92/8a/tunnel-tree.jpg?w=100&h=-1&s=1 1x,https://dynamic-media-cdn.tripadvisor.com/media/photo-o/1b/a9/92/8a/tunnel-tree.jpg?w=200&h=200&s=1 2x"
Mariposa Grove of Giant Sequoias,"https://dynamic-media-cdn.tripadvisor.com/media/photo-o/1b/a9/92/86/unnamed-tree-with-a-hole.jpg?w=100&h=-1&s=1 1x,https://dynamic-media-cdn.tripadvisor.com/media/photo-o/1b/a9/92/86/unnamed-tree-with-a-hole.jpg?w=200&h=200&s=1 2x"
Mariposa Grove of Giant Sequoias,"https://dynamic-media-cdn.tripadvisor.com/media/photo-o/1b/a9/92/85/fallen-monarch.jpg?w=200&h=-1&s=1 1x,https://dynamic-media-cdn.tripadvisor.com/media/photo-o/1b/a9/92/85/fallen-monarch.jpg?w=200&h=200&s=1 2x"
Mariposa Grove of Giant Sequoias,"https://dynamic-media-cdn.tripadvisor.com/media/photo-o/1b/a9/92/7e/grizzly-giant.jpg?w=100&h=-1&s=1 1x,https://dynamic-media-cdn.tripadvisor.com/media/photo-o/1b/a9/92/7e/grizzly-giant.jpg?w=200&h=200&s=1 2x"
Mariposa Grove of Giant Sequoias,"https://dynamic-media-cdn.tripadvisor.com/media/photo-o/1a/b9/e5/0d/the-giant-sequoia-seen.jpg?w=100&h=-1&s=1 1x,https://dynamic-media-cdn.tripadvisor.com/media/photo-o/1a/b9/e5/0d/the-giant-sequoia-seen.jpg?w=200&h=200&s=1 2x"
Mariposa Grove of Giant Sequoias,"https://dynamic-media-cdn.tripadvisor.com/media/photo-o/26/92/e9/5f/burned-trees-just-uphill.jpg?w=100&h=-1&s=1 1x,https://dynamic-media-cdn.tripadvisor.com/media/photo-o/26/92/e9/5f/burned-trees-just-uphill.jpg?w=200&h=200&s=1 2x"
Mariposa Grove of Giant Sequoias,"https://dynamic-media-cdn.tripadvisor.com/media/photo-o/26/92/e9/5a/galen-clark-tree-with.jpg?w=100&h=-1&s=1 1x,https://dynamic-media-cdn.tripadvisor.com/media/photo-o/26/92/e9/5a/galen-clark-tree-with.jpg?w=200&h=200&s=1 2x"
Mariposa Grove of Giant Sequoias,"https://dynamic-media-cdn.tripadvisor.com/media/photo-o/27/ad/76/60/walk-through-tree.jpg?w=100&h=-1&s=1 1x,https://dynamic-media-cdn.tripadvisor.com/media/photo-o/27/ad/76/60/walk-through-tree.jpg?w=200&h=200&s=1 2x"
Mariposa Grove of Giant Sequoias,"https://dynamic-media-cdn.tripadvisor.com/media/photo-o/27/ad/76/48/entry.jpg?w=100&h=-1&s=1 1x,https://dynamic-media-cdn.tripadvisor.com/media/photo-o/27/ad/76/48/entry.jpg?w=200&h=200&s=1 2x"
Mariposa Grove of Giant Sequoias,"https://dynamic-media-cdn.tripadvisor.com/media/photo-o/27/ad/76/36/entry.jpg?w=100&h=-1&s=1 1x,https://dynamic-media-cdn.tripadvisor.com/media/photo-o/27/ad/76/36/entry.jpg?w=200&h=200&s=1 2x"
Mariposa Grove of Giant Sequoias,"https://dynamic-media-cdn.tripadvisor.com/media/photo-o/27/ad/76/25/tree.jpg?w=100&h=-1&s=1 1x,https://dynamic-media-cdn.tripadvisor.com/media/photo-o/27/ad/76/25/tree.jpg?w=200&h=200&s=1 2x"
Mariposa Grove of Giant Sequoias,"https://dynamic-media-cdn.tripadvisor.com/media/photo-o/27/ad/76/1f/roots.jpg?w=100&h=-1&s=1 1x,https://dynamic-media-cdn.tripadvisor.com/media/photo-o/27/ad/76/1f/roots.jpg?w=200&h=200&s=1 2x"
Mariposa Grove of Giant Sequoias,"https://dynamic-media-cdn.tripadvisor.com/media/photo-o/28/c6/be/1e/caption.jpg?w=100&h=-1&s=1 1x,https://dynamic-media-cdn.tripadvisor.com/media/photo-o/28/c6/be/1e/caption.jpg?w=200&h=200&s=1 2x"
Mariposa Grove of Giant Sequoias,"https://dynamic-media-cdn.tripadvisor.com/media/photo-o/28/c6/be/1d/caption.jpg?w=200&h=-1&s=1 1x,https://dynamic-media-cdn.tripadvisor.com/media/photo-o/28/c6/be/1d/caption.jpg?w=200&h=200&s=1 2x"
Mariposa Grove of Giant Sequoias,"https://dynamic-media-cdn.tripadvisor.com/media/photo-o/23/46/46/b9/caption.jpg?w=100&h=-1&s=1 1x,https://dynamic-media-cdn.tripadvisor.com/media/photo-o/23/46/46/b9/caption.jpg?w=200&h=200&s=1 2x"
Mariposa Grove of Giant Sequoias,"https://dynamic-media-cdn.tripadvisor.com/media/photo-o/23/46/46/b8/caption.jpg?w=100&h=-1&s=1 1x,https://dynamic-media-cdn.tripadvisor.com/media/photo-o/23/46/46/b8/caption.jpg?w=200&h=200&s=1 2x"
Mariposa Grove of Giant Sequoias,"https://dynamic-media-cdn.tripadvisor.com/media/photo-o/23/46/46/b7/caption.jpg?w=100&h=-1&s=1 1x,https://dynamic-media-cdn.tripadvisor.com/media/photo-o/23/46/46/b7/caption.jpg?w=200&h=200&s=1 2x"
Mariposa Grove of Giant Sequoias,"https://dynamic-media-cdn.tripadvisor.com/media/photo-o/23/46/46/b6/caption.jpg?w=100&h=-1&s=1 1x,https://dynamic-media-cdn.tripadvisor.com/media/photo-o/23/46/46/b6/caption.jpg?w=200&h=200&s=1 2x"
Mariposa Grove of Giant Sequoias,"https://dynamic-media-cdn.tripadvisor.com/media/photo-o/23/46/46/b5/caption.jpg?w=100&h=-1&s=1 1x,https://dynamic-media-cdn.tripadvisor.com/media/photo-o/23/46/46/b5/caption.jpg?w=200&h=200&s=1 2x"
Mariposa Grove of Giant Sequoias,"https://dynamic-media-cdn.tripadvisor.com/media/photo-o/23/46/46/b4/caption.jpg?w=100&h=-1&s=1 1x,https://dynamic-media-cdn.tripadvisor.com/media/photo-o/23/46/46/b4/caption.jpg?w=200&h=200&s=1 2x"
Mariposa Grove of Giant Sequoias,"https://dynamic-media-cdn.tripadvisor.com/media/photo-o/23/46/46/b3/caption.jpg?w=100&h=-1&s=1 1x,https://dynamic-media-cdn.tripadvisor.com/media/photo-o/23/46/46/b3/caption.jpg?w=200&h=200&s=1 2x"
Mariposa Grove of Giant Sequoias,"https://dynamic-media-cdn.tripadvisor.com/media/photo-o/23/46/46/b2/caption.jpg?w=100&h=-1&s=1 1x,https://dynamic-media-cdn.tripadvisor.com/media/photo-o/23/46/46/b2/caption.jpg?w=200&h=200&s=1 2x"
Mariposa Grove of Giant Sequoias,"https://dynamic-media-cdn.tripadvisor.com/media/photo-o/23/46/46/b1/caption.jpg?w=100&h=-1&s=1 1x,https://dynamic-media-cdn.tripadvisor.com/media/photo-o/23/46/46/b1/caption.jpg?w=200&h=200&s=1 2x"
El Capitan,"https://dynamic-media-cdn.tripadvisor.com/media/photo-o/1b/6b/83/cd/el-capitan-via-the-valley.jpg?w=100&h=-1&s=1 1x,https://dynamic-media-cdn.tripadvisor.com/media/photo-o/1b/6b/83/cd/el-capitan-via-the-valley.jpg?w=200&h=200&s=1 2x"
El Capitan,"https://dynamic-media-cdn.tripadvisor.com/media/photo-o/1b/6b/83/cb/el-capitan-via-the-valley.jpg?w=200&h=-1&s=1 1x,https://dynamic-media-cdn.tripadvisor.com/media/photo-o/1b/6b/83/cb/el-capitan-via-the-valley.jpg?w=200&h=200&s=1 2x"
El Capitan,"https://dynamic-media-cdn.tripadvisor.com/media/photo-o/23/3c/6c/f5/3-000-vertical-feet-of.jpg?w=100&h=-1&s=1 1x,https://dynamic-media-cdn.tripadvisor.com/media/photo-o/23/3c/6c/f5/3-000-vertical-feet-of.jpg?w=200&h=200&s=1 2x"
El Capitan,"https://dynamic-media-cdn.tripadvisor.com/media/photo-o/23/3c/6c/f4/our-group-with-el-capitan.jpg?w=100&h=-1&s=1 1x,https://dynamic-media-cdn.tripadvisor.com/media/photo-o/23/3c/6c/f4/our-group-with-el-capitan.jpg?w=200&h=200&s=1 2x"
El Capitan,"https://dynamic-media-cdn.tripadvisor.com/media/photo-o/23/3c/6c/f0/el-cap-from-the-meadow.jpg?w=100&h=-1&s=1 1x,https://dynamic-media-cdn.tripadvisor.com/media/photo-o/23/3c/6c/f0/el-cap-from-the-meadow.jpg?w=200&h=200&s=1 2x"
El Capitan,"https://dynamic-media-cdn.tripadvisor.com/media/photo-o/23/3c/6c/ef/the-first-time-we-saw.jpg?w=100&h=-1&s=1 1x,https://dynamic-media-cdn.tripadvisor.com/media/photo-o/23/3c/6c/ef/the-first-time-we-saw.jpg?w=200&h=200&s=1 2x"
El Capitan,"https://dynamic-media-cdn.tripadvisor.com/media/photo-o/23/3c/6c/ed/el-cap-from-tunnel-view.jpg?w=200&h=-1&s=1 1x,https://dynamic-media-cdn.tripadvisor.com/media/photo-o/23/3c/6c/ed/el-cap-from-tunnel-view.jpg?w=200&h=200&s=1 2x"
El Capitan,"https://dynamic-media-cdn.tripadvisor.com/media/photo-o/23/3c/6c/ea/our-group-watching-climbers.jpg?w=200&h=-1&s=1 1x,https://dynamic-media-cdn.tripadvisor.com/media/photo-o/23/3c/6c/ea/our-group-watching-climbers.jpg?w=200&h=200&s=1 2x"
El Capitan,"https://dynamic-media-cdn.tripadvisor.com/media/photo-o/23/3c/6c/e7/el-capitan-from-valley.jpg?w=200&h=-1&s=1 1x,https://dynamic-media-cdn.tripadvisor.com/media/photo-o/23/3c/6c/e7/el-capitan-from-valley.jpg?w=200&h=200&s=1 2x"
El Capitan,"https://dynamic-media-cdn.tripadvisor.com/media/photo-o/23/3c/6c/e6/climbers-camp-on-the.jpg?w=100&h=-1&s=1 1x,https://dynamic-media-cdn.tripadvisor.com/media/photo-o/23/3c/6c/e6/climbers-camp-on-the.jpg?w=200&h=200&s=1 2x"
El Capitan,"https://dynamic-media-cdn.tripadvisor.com/media/photo-o/24/db/db/fd/iconic.jpg?w=200&h=-1&s=1 1x,https://dynamic-media-cdn.tripadvisor.com/media/photo-o/24/db/db/fd/iconic.jpg?w=200&h=200&s=1 2x"
El Capitan,"https://dynamic-media-cdn.tripadvisor.com/media/photo-o/24/db/db/fb/gorgeous-monolith.jpg?w=200&h=-1&s=1 1x,https://dynamic-media-cdn.tripadvisor.com/media/photo-o/24/db/db/fb/gorgeous-monolith.jpg?w=200&h=200&s=1 2x"
El Capitan,"https://dynamic-media-cdn.tripadvisor.com/media/photo-o/24/db/db/f7/our-shuttle-stop.jpg?w=200&h=-1&s=1 1x,https://dynamic-media-cdn.tripadvisor.com/media/photo-o/24/db/db/f7/our-shuttle-stop.jpg?w=200&h=200&s=1 2x"
El Capitan,"https://dynamic-media-cdn.tripadvisor.com/media/photo-o/2a/c8/77/43/caption.jpg?w=100&h=-1&s=1 1x,https://dynamic-media-cdn.tripadvisor.com/media/photo-o/2a/c8/77/43/caption.jpg?w=200&h=200&s=1 2x"
El Capitan,"https://dynamic-media-cdn.tripadvisor.com/media/photo-o/2a/c8/77/42/caption.jpg?w=100&h=-1&s=1 1x,https://dynamic-media-cdn.tripadvisor.com/media/photo-o/2a/c8/77/42/caption.jpg?w=200&h=200&s=1 2x"
El Capitan,"https://dynamic-media-cdn.tripadvisor.com/media/photo-o/2a/c8/77/41/caption.jpg?w=100&h=-1&s=1 1x,https://dynamic-media-cdn.tripadvisor.com/media/photo-o/2a/c8/77/41/caption.jpg?w=200&h=200&s=1 2x"
El Capitan,"https://dynamic-media-cdn.tripadvisor.com/media/photo-o/2a/c8/77/40/caption.jpg?w=100&h=-1&s=1 1x,https://dynamic-media-cdn.tripadvisor.com/media/photo-o/2a/c8/77/40/caption.jpg?w=200&h=200&s=1 2x"
El Capitan,"https://dynamic-media-cdn.tripadvisor.com/media/photo-o/2a/c8/77/3f/caption.jpg?w=100&h=-1&s=1 1x,https://dynamic-media-cdn.tripadvisor.com/media/photo-o/2a/c8/77/3f/caption.jpg?w=200&h=200&s=1 2x"
El Capitan,"https://dynamic-media-cdn.tripadvisor.com/media/photo-o/1a/db/89/87/img-20200209-163649-largejpg.jpg?w=100&h=-1&s=1 1x,https://dynamic-media-cdn.tripadvisor.com/media/photo-o/1a/db/89/87/img-20200209-163649-largejpg.jpg?w=200&h=200&s=1 2x"
El Capitan,"https://dynamic-media-cdn.tripadvisor.com/media/photo-o/1c/2a/5f/57/photo5jpg.jpg?w=100&h=-1&s=1 1x,https://dynamic-media-cdn.tripadvisor.com/media/photo-o/1c/2a/5f/57/photo5jpg.jpg?w=200&h=200&s=1 2x"
El Capitan,"https://dynamic-media-cdn.tripadvisor.com/media/photo-o/1c/2a/5f/56/photo4jpg.jpg?w=100&h=-1&s=1 1x,https://dynamic-media-cdn.tripadvisor.com/media/photo-o/1c/2a/5f/56/photo4jpg.jpg?w=200&h=200&s=1 2x"
El Capitan,"https://dynamic-media-cdn.tripadvisor.com/media/photo-o/1c/2a/5f/55/photo3jpg.jpg?w=100&h=-1&s=1 1x,https://dynamic-media-cdn.tripadvisor.com/media/photo-o/1c/2a/5f/55/photo3jpg.jpg?w=200&h=200&s=1 2x"
El Capitan,"https://dynamic-media-cdn.tripadvisor.com/media/photo-o/1c/2a/5f/53/photo1jpg.jpg?w=100&h=-1&s=1 1x,https://dynamic-media-cdn.tripadvisor.com/media/photo-o/1c/2a/5f/53/photo1jpg.jpg?w=200&h=200&s=1 2x"
El Capitan,"https://dynamic-media-cdn.tripadvisor.com/media/photo-o/1c/2a/5f/52/photo0jpg.jpg?w=200&h=-1&s=1 1x,https://dynamic-media-cdn.tripadvisor.com/media/photo-o/1c/2a/5f/52/photo0jpg.jpg?w=200&h=200&s=1 2x"
Half Dome,"https://dynamic-media-cdn.tripadvisor.com/media/photo-o/2b/7e/9f/71/caption.jpg?w=200&h=-1&s=1 1x,https://dynamic-media-cdn.tripadvisor.com/media/photo-o/2b/7e/9f/71/caption.jpg?w=200&h=200&s=1 2x"
Half Dome,"https://dynamic-media-cdn.tripadvisor.com/media/photo-o/2b/7e/9f/70/caption.jpg?w=200&h=-1&s=1 1x,https://dynamic-media-cdn.tripadvisor.com/media/photo-o/2b/7e/9f/70/caption.jpg?w=200&h=200&s=1 2x"
Half Dome,"https://dynamic-media-cdn.tripadvisor.com/media/photo-o/2b/7e/9f/6f/caption.jpg?w=100&h=-1&s=1 1x,https://dynamic-media-cdn.tripadvisor.com/media/photo-o/2b/7e/9f/6f/caption.jpg?w=200&h=200&s=1 2x"
Half Dome,"https://dynamic-media-cdn.tripadvisor.com/media/photo-o/1a/da/93/5b/img-20200208-115140-largejpg.jpg?w=100&h=-1&s=1 1x,https://dynamic-media-cdn.tripadvisor.com/media/photo-o/1a/da/93/5b/img-20200208-115140-largejpg.jpg?w=200&h=200&s=1 2x"
Half Dome,"https://dynamic-media-cdn.tripadvisor.com/media/photo-o/1a/da/93/5a/img-20200208-123937-largejpg.jpg?w=200&h=-1&s=1 1x,https://dynamic-media-cdn.tripadvisor.com/media/photo-o/1a/da/93/5a/img-20200208-123937-largejpg.jpg?w=200&h=200&s=1 2x"
Half Dome,"https://dynamic-media-cdn.tripadvisor.com/media/photo-o/1a/da/93/59/img-20200207-132646-largejpg.jpg?w=100&h=-1&s=1 1x,https://dynamic-media-cdn.tripadvisor.com/media/photo-o/1a/da/93/59/img-20200207-132646-largejpg.jpg?w=200&h=200&s=1 2x"
Half Dome,"https://dynamic-media-cdn.tripadvisor.com/media/photo-o/1b/a4/21/e4/it-looks-hard-because.jpg?w=100&h=-1&s=1 1x,https://dynamic-media-cdn.tripadvisor.com/media/photo-o/1b/a4/21/e4/it-looks-hard-because.jpg?w=200&h=200&s=1 2x"
Half Dome,"https://dynamic-media-cdn.tripadvisor.com/media/photo-s/02/93/38/d5/filename-img-5866-jpg.jpg?w=200&h=-1&s=1 1x,https://dynamic-media-cdn.tripadvisor.com/media/photo-s/02/93/38/d5/filename-img-5866-jpg.jpg?w=200&h=200&s=1 2x"
Half Dome,"https://dynamic-media-cdn.tripadvisor.com/media/photo-s/02/93/38/ba/filename-img-5795-jpg.jpg?w=200&h=-1&s=1 1x,https://dynamic-media-cdn.tripadvisor.com/media/photo-s/02/93/38/ba/filename-img-5795-jpg.jpg?w=200&h=200&s=1 2x"
Half Dome,"https://dynamic-media-cdn.tripadvisor.com/media/photo-s/02/93/38/99/filename-img-5792-jpg.jpg?w=200&h=-1&s=1 1x,https://dynamic-media-cdn.tripadvisor.com/media/photo-s/02/93/38/99/filename-img-5792-jpg.jpg?w=200&h=200&s=1 2x"
Half Dome,"https://dynamic-media-cdn.tripadvisor.com/media/photo-s/02/93/38/7a/filename-img-5788-version.jpg?w=100&h=-1&s=1 1x,https://dynamic-media-cdn.tripadvisor.com/media/photo-s/02/93/38/7a/filename-img-5788-version.jpg?w=200&h=-1&s=1 2x"
Half Dome,"https://dynamic-media-cdn.tripadvisor.com/media/photo-s/02/93/38/5f/filename-img-0770-jpg.jpg?w=200&h=-1&s=1 1x,https://dynamic-media-cdn.tripadvisor.com/media/photo-s/02/93/38/5f/filename-img-0770-jpg.jpg?w=200&h=200&s=1 2x"
Half Dome,"https://dynamic-media-cdn.tripadvisor.com/media/photo-s/02/93/38/51/filename-img-0757-jpg.jpg?w=200&h=-1&s=1 1x,https://dynamic-media-cdn.tripadvisor.com/media/photo-s/02/93/38/51/filename-img-0757-jpg.jpg?w=200&h=200&s=1 2x"
Half Dome,"https://dynamic-media-cdn.tripadvisor.com/media/photo-s/02/93/38/34/filename-img-0706-jpg.jpg?w=200&h=-1&s=1 1x,https://dynamic-media-cdn.tripadvisor.com/media/photo-s/02/93/38/34/filename-img-0706-jpg.jpg?w=200&h=200&s=1 2x"
Half Dome,"https://dynamic-media-cdn.tripadvisor.com/media/photo-s/01/09/6f/ee/the-valley-4800-below.jpg?w=200&h=-1&s=1 1x,https://dynamic-media-cdn.tripadvisor.com/media/photo-s/01/09/6f/ee/the-valley-4800-below.jpg?w=200&h=200&s=1 2x"
Half Dome,"https://dynamic-media-cdn.tripadvisor.com/media/photo-s/01/09/6f/ed/some-people-are-more.jpg?w=200&h=-1&s=1 1x,https://dynamic-media-cdn.tripadvisor.com/media/photo-s/01/09/6f/ed/some-people-are-more.jpg?w=200&h=200&s=1 2x"
Half Dome,"https://dynamic-media-cdn.tripadvisor.com/media/photo-s/01/09/6f/ec/this-photo-does-not-do.jpg?w=100&h=-1&s=1 1x,https://dynamic-media-cdn.tripadvisor.com/media/photo-s/01/09/6f/ec/this-photo-does-not-do.jpg?w=200&h=200&s=1 2x"
Half Dome,"https://dynamic-media-cdn.tripadvisor.com/media/photo-s/01/09/6f/eb/profile-of-the-cable.jpg?w=100&h=-1&s=1 1x,https://dynamic-media-cdn.tripadvisor.com/media/photo-s/01/09/6f/eb/profile-of-the-cable.jpg?w=200&h=200&s=1 2x"
Half Dome,"https://dynamic-media-cdn.tripadvisor.com/media/photo-o/05/f4/ba/d8/the-scenery.jpg?w=100&h=-1&s=1 1x,https://dynamic-media-cdn.tripadvisor.com/media/photo-o/05/f4/ba/d8/the-scenery.jpg?w=200&h=200&s=1 2x"
Half Dome,"https://dynamic-media-cdn.tripadvisor.com/media/photo-o/05/f4/ba/d6/the-hike.jpg?w=100&h=-1&s=1 1x,https://dynamic-media-cdn.tripadvisor.com/media/photo-o/05/f4/ba/d6/the-hike.jpg?w=200&h=200&s=1 2x"
Half Dome,"https://dynamic-media-cdn.tripadvisor.com/media/photo-o/05/f4/ba/d5/quarter-dome.jpg?w=100&h=-1&s=1 1x,https://dynamic-media-cdn.tripadvisor.com/media/photo-o/05/f4/ba/d5/quarter-dome.jpg?w=200&h=200&s=1 2x"
Half Dome,"https://dynamic-media-cdn.tripadvisor.com/media/photo-o/05/f4/ba/d4/up-the-cable.jpg?w=100&h=-1&s=1 1x,https://dynamic-media-cdn.tripadvisor.com/media/photo-o/05/f4/ba/d4/up-the-cable.jpg?w=200&h=200&s=1 2x"
Yosemite Falls,"https://dynamic-media-cdn.tripadvisor.com/media/photo-o/23/46/04/99/my-wife-and-i-with-the.jpg?w=100&h=-1&s=1 1x,https://dynamic-media-cdn.tripadvisor.com/media/photo-o/23/46/04/99/my-wife-and-i-with-the.jpg?w=200&h=200&s=1 2x"
Yosemite Falls,"https://dynamic-media-cdn.tripadvisor.com/media/photo-o/23/46/04/97/the-more-adventurous.jpg?w=100&h=-1&s=1 1x,https://dynamic-media-cdn.tripadvisor.com/media/photo-o/23/46/04/97/the-more-adventurous.jpg?w=200&h=200&s=1 2x"
Yosemite Falls,"https://dynamic-media-cdn.tripadvisor.com/media/photo-o/23/46/04/96/the-tallest-waterfall.jpg?w=100&h=-1&s=1 1x,https://dynamic-media-cdn.tripadvisor.com/media/photo-o/23/46/04/96/the-tallest-waterfall.jpg?w=200&h=200&s=1 2x"
Yosemite Falls,"https://dynamic-media-cdn.tripadvisor.com/media/photo-o/23/46/04/8d/our-group-at-the-lower.jpg?w=100&h=-1&s=1 1x,https://dynamic-media-cdn.tripadvisor.com/media/photo-o/23/46/04/8d/our-group-at-the-lower.jpg?w=200&h=200&s=1 2x"
Yosemite Falls,"https://dynamic-media-cdn.tripadvisor.com/media/photo-o/23/46/04/8a/hiking-to-the-falls.jpg?w=100&h=-1&s=1 1x,https://dynamic-media-cdn.tripadvisor.com/media/photo-o/23/46/04/8a/hiking-to-the-falls.jpg?w=200&h=200&s=1 2x"
Yosemite Falls,"https://dynamic-media-cdn.tripadvisor.com/media/photo-o/23/46/04/88/my-wife-and-i-with-the.jpg?w=100&h=-1&s=1 1x,https://dynamic-media-cdn.tripadvisor.com/media/photo-o/23/46/04/88/my-wife-and-i-with-the.jpg?w=200&h=200&s=1 2x"
Yosemite Falls,"https://dynamic-media-cdn.tripadvisor.com/media/photo-o/23/46/04/81/the-girls-with-the-falls.jpg?w=100&h=-1&s=1 1x,https://dynamic-media-cdn.tripadvisor.com/media/photo-o/23/46/04/81/the-girls-with-the-falls.jpg?w=200&h=200&s=1 2x"
Yosemite Falls,"https://dynamic-media-cdn.tripadvisor.com/media/photo-o/23/46/04/78/the-entire-falls.jpg?w=100&h=-1&s=1 1x,https://dynamic-media-cdn.tripadvisor.com/media/photo-o/23/46/04/78/the-entire-falls.jpg?w=200&h=200&s=1 2x"
Yosemite Falls,"https://dynamic-media-cdn.tripadvisor.com/media/photo-o/23/46/04/77/our-group-with-the-entire.jpg?w=200&h=-1&s=1 1x,https://dynamic-media-cdn.tripadvisor.com/media/photo-o/23/46/04/77/our-group-with-the-entire.jpg?w=200&h=200&s=1 2x"
Yosemite Falls,"https://dynamic-media-cdn.tripadvisor.com/media/photo-o/23/46/04/76/upper-falls-from-the.jpg?w=200&h=-1&s=1 1x,https://dynamic-media-cdn.tripadvisor.com/media/photo-o/23/46/04/76/upper-falls-from-the.jpg?w=200&h=200&s=1 2x"
Yosemite Falls,"https://dynamic-media-cdn.tripadvisor.com/media/photo-o/23/46/04/72/view-of-the-lower-falls.jpg?w=200&h=-1&s=1 1x,https://dynamic-media-cdn.tripadvisor.com/media/photo-o/23/46/04/72/view-of-the-lower-falls.jpg?w=200&h=200&s=1 2x"
Yosemite Falls,"https://dynamic-media-cdn.tripadvisor.com/media/photo-o/23/46/04/70/our-group-where-we-could.jpg?w=100&h=-1&s=1 1x,https://dynamic-media-cdn.tripadvisor.com/media/photo-o/23/46/04/70/our-group-where-we-could.jpg?w=200&h=200&s=1 2x"
Yosemite Falls,"https://dynamic-media-cdn.tripadvisor.com/media/photo-o/23/46/04/6f/the-upper-falls-and-ice.jpg?w=200&h=-1&s=1 1x,https://dynamic-media-cdn.tripadvisor.com/media/photo-o/23/46/04/6f/the-upper-falls-and-ice.jpg?w=200&h=200&s=1 2x"
Yosemite Falls,"https://dynamic-media-cdn.tripadvisor.com/media/photo-o/23/49/9f/8a/caption.jpg?w=200&h=-1&s=1 1x,https://dynamic-media-cdn.tripadvisor.com/media/photo-o/23/49/9f/8a/caption.jpg?w=200&h=200&s=1 2x"
Yosemite Falls,"https://dynamic-media-cdn.tripadvisor.com/media/photo-o/23/49/9f/89/caption.jpg?w=200&h=-1&s=1 1x,https://dynamic-media-cdn.tripadvisor.com/media/photo-o/23/49/9f/89/caption.jpg?w=200&h=200&s=1 2x"
Yosemite Falls,"https://dynamic-media-cdn.tripadvisor.com/media/photo-o/23/49/9f/88/caption.jpg?w=200&h=-1&s=1 1x,https://dynamic-media-cdn.tripadvisor.com/media/photo-o/23/49/9f/88/caption.jpg?w=200&h=200&s=1 2x"
Yosemite Falls,"https://dynamic-media-cdn.tripadvisor.com/media/photo-o/1d/42/ca/32/yosemite-fall.jpg?w=100&h=-1&s=1 1x,https://dynamic-media-cdn.tripadvisor.com/media/photo-o/1d/42/ca/32/yosemite-fall.jpg?w=200&h=200&s=1 2x"
Yosemite Falls,"https://dynamic-media-cdn.tripadvisor.com/media/photo-o/1a/dc/f8/e4/valley-half-dome-from.jpg?w=200&h=-1&s=1 1x,https://dynamic-media-cdn.tripadvisor.com/media/photo-o/1a/dc/f8/e4/valley-half-dome-from.jpg?w=200&h=200&s=1 2x"
Yosemite Falls,"https://dynamic-media-cdn.tripadvisor.com/media/photo-o/1a/dc/f8/9c/upper-yosemite-falls.jpg?w=100&h=-1&s=1 1x,https://dynamic-media-cdn.tripadvisor.com/media/photo-o/1a/dc/f8/9c/upper-yosemite-falls.jpg?w=200&h=200&s=1 2x"
Yosemite Falls,"https://dynamic-media-cdn.tripadvisor.com/media/photo-o/1a/dc/f8/6c/upper-yosemite-falls.jpg?w=200&h=-1&s=1 1x,https://dynamic-media-cdn.tripadvisor.com/media/photo-o/1a/dc/f8/6c/upper-yosemite-falls.jpg?w=200&h=200&s=1 2x"
Yosemite Falls,"https://dynamic-media-cdn.tripadvisor.com/media/photo-o/1c/69/63/ce/photo4jpg.jpg?w=200&h=-1&s=1 1x,https://dynamic-media-cdn.tripadvisor.com/media/photo-o/1c/69/63/ce/photo4jpg.jpg?w=200&h=200&s=1 2x"
Yosemite Falls,"https://dynamic-media-cdn.tripadvisor.com/media/photo-o/1c/69/63/cd/photo3jpg.jpg?w=200&h=-1&s=1 1x,https://dynamic-media-cdn.tripadvisor.com/media/photo-o/1c/69/63/cd/photo3jpg.jpg?w=200&h=200&s=1 2x"
Yosemite Falls,"https://dynamic-media-cdn.tripadvisor.com/media/photo-o/1c/69/63/cc/photo2jpg.jpg?w=200&h=-1&s=1 1x,https://dynamic-media-cdn.tripadvisor.com/media/photo-o/1c/69/63/cc/photo2jpg.jpg?w=200&h=200&s=1 2x"
Yosemite Falls,"https://dynamic-media-cdn.tripadvisor.com/media/photo-o/1c/69/63/cb/photo1jpg.jpg?w=200&h=-1&s=1 1x,https://dynamic-media-cdn.tripadvisor.com/media/photo-o/1c/69/63/cb/photo1jpg.jpg?w=200&h=200&s=1 2x"
Yosemite Falls,"https://dynamic-media-cdn.tripadvisor.com/media/photo-o/1c/69/63/ca/photo0jpg.jpg?w=200&h=-1&s=1 1x,https://dynamic-media-cdn.tripadvisor.com/media/photo-o/1c/69/63/ca/photo0jpg.jpg?w=200&h=200&s=1 2x"
Yosemite Falls,"https://dynamic-media-cdn.tripadvisor.com/media/photo-o/22/72/4b/cb/yosemite-falls.jpg?w=200&h=-1&s=1 1x,https://dynamic-media-cdn.tripadvisor.com/media/photo-o/22/72/4b/cb/yosemite-falls.jpg?w=200&h=200&s=1 2x"
Yosemite Falls,"https://dynamic-media-cdn.tripadvisor.com/media/photo-o/22/72/4b/ca/yosemite-falls.jpg?w=200&h=-1&s=1 1x,https://dynamic-media-cdn.tripadvisor.com/media/photo-o/22/72/4b/ca/yosemite-falls.jpg?w=200&h=200&s=1 2x"
Yosemite Falls,"https://dynamic-media-cdn.tripadvisor.com/media/photo-o/22/72/4b/c9/yosemite-falls.jpg?w=200&h=-1&s=1 1x,https://dynamic-media-cdn.tripadvisor.com/media/photo-o/22/72/4b/c9/yosemite-falls.jpg?w=200&h=200&s=1 2x"
Yosemite Falls,"https://dynamic-media-cdn.tripadvisor.com/media/photo-o/22/72/4b/be/yosemite-falls.jpg?w=200&h=-1&s=1 1x,https://dynamic-media-cdn.tripadvisor.com/media/photo-o/22/72/4b/be/yosemite-falls.jpg?w=200&h=200&s=1 2x"
Yosemite Falls,"https://dynamic-media-cdn.tripadvisor.com/media/photo-o/22/72/4b/bc/yosemite-falls.jpg?w=200&h=-1&s=1 1x,https://dynamic-media-cdn.tripadvisor.com/media/photo-o/22/72/4b/bc/yosemite-falls.jpg?w=200&h=200&s=1 2x"
Yosemite Falls,"https://dynamic-media-cdn.tripadvisor.com/media/photo-o/22/72/4b/ba/yosemite-falls.jpg?w=200&h=-1&s=1 1x,https://dynamic-media-cdn.tripadvisor.com/media/photo-o/22/72/4b/ba/yosemite-falls.jpg?w=200&h=200&s=1 2x"
Yosemite Falls,"https://dynamic-media-cdn.tripadvisor.com/media/photo-o/1a/86/80/62/photo0jpg.jpg?w=100&h=-1&s=1 1x,https://dynamic-media-cdn.tripadvisor.com/media/photo-o/1a/86/80/62/photo0jpg.jpg?w=200&h=200&s=1 2x"
Yosemite Valley,"https://dynamic-media-cdn.tripadvisor.com/media/photo-o/1b/6b/84/4f/yosemite-national-park.jpg?w=100&h=-1&s=1 1x,https://dynamic-media-cdn.tripadvisor.com/media/photo-o/1b/6b/84/4f/yosemite-national-park.jpg?w=200&h=200&s=1 2x"
Yosemite Valley,"https://dynamic-media-cdn.tripadvisor.com/media/photo-o/1b/6b/84/4e/yosemite-national-park.jpg?w=100&h=-1&s=1 1x,https://dynamic-media-cdn.tripadvisor.com/media/photo-o/1b/6b/84/4e/yosemite-national-park.jpg?w=200&h=200&s=1 2x"
Yosemite Valley,"https://dynamic-media-cdn.tripadvisor.com/media/photo-o/1b/b1/f7/76/three-brothers-i-think.jpg?w=200&h=-1&s=1 1x,https://dynamic-media-cdn.tripadvisor.com/media/photo-o/1b/b1/f7/76/three-brothers-i-think.jpg?w=200&h=200&s=1 2x"
Yosemite Valley,"https://dynamic-media-cdn.tripadvisor.com/media/photo-o/1b/b1/f7/6a/half-dome.jpg?w=200&h=-1&s=1 1x,https://dynamic-media-cdn.tripadvisor.com/media/photo-o/1b/b1/f7/6a/half-dome.jpg?w=200&h=200&s=1 2x"
Yosemite Valley,"https://dynamic-media-cdn.tripadvisor.com/media/photo-o/1b/74/d1/86/merced-river-in-the-valley.jpg?w=200&h=-1&s=1 1x,https://dynamic-media-cdn.tripadvisor.com/media/photo-o/1b/74/d1/86/merced-river-in-the-valley.jpg?w=200&h=200&s=1 2x"
Yosemite Valley,"https://dynamic-media-cdn.tripadvisor.com/media/photo-o/29/53/ff/9a/caption.jpg?w=200&h=-1&s=1 1x,https://dynamic-media-cdn.tripadvisor.com/media/photo-o/29/53/ff/9a/caption.jpg?w=200&h=200&s=1 2x"
Yosemite Valley,"https://dynamic-media-cdn.tripadvisor.com/media/photo-o/29/53/ff/99/caption.jpg?w=200&h=-1&s=1 1x,https://dynamic-media-cdn.tripadvisor.com/media/photo-o/29/53/ff/99/caption.jpg?w=200&h=200&s=1 2x"
Yosemite Valley,"https://dynamic-media-cdn.tripadvisor.com/media/photo-o/29/53/ff/98/caption.jpg?w=100&h=-1&s=1 1x,https://dynamic-media-cdn.tripadvisor.com/media/photo-o/29/53/ff/98/caption.jpg?w=200&h=200&s=1 2x"
Yosemite Valley,"https://dynamic-media-cdn.tripadvisor.com/media/photo-o/29/53/ff/97/caption.jpg?w=200&h=-1&s=1 1x,https://dynamic-media-cdn.tripadvisor.com/media/photo-o/29/53/ff/97/caption.jpg?w=200&h=200&s=1 2x"
Yosemite Valley,"https://dynamic-media-cdn.tripadvisor.com/media/photo-o/29/53/ff/96/caption.jpg?w=200&h=-1&s=1 1x,https://dynamic-media-cdn.tripadvisor.com/media/photo-o/29/53/ff/96/caption.jpg?w=200&h=200&s=1 2x"
Yosemite Valley,"https://dynamic-media-cdn.tripadvisor.com/media/photo-o/29/53/ff/95/caption.jpg?w=200&h=-1&s=1 1x,https://dynamic-media-cdn.tripadvisor.com/media/photo-o/29/53/ff/95/caption.jpg?w=200&h=200&s=1 2x"
Yosemite Valley,"https://dynamic-media-cdn.tripadvisor.com/media/photo-o/1b/6f/40/eb/photo1jpg.jpg?w=100&h=-1&s=1 1x,https://dynamic-media-cdn.tripadvisor.com/media/photo-o/1b/6f/40/eb/photo1jpg.jpg?w=200&h=200&s=1 2x"
Yosemite Valley,"https://dynamic-media-cdn.tripadvisor.com/media/photo-o/1b/6f/40/ea/photo0jpg.jpg?w=100&h=-1&s=1 1x,https://dynamic-media-cdn.tripadvisor.com/media/photo-o/1b/6f/40/ea/photo0jpg.jpg?w=200&h=200&s=1 2x"
Glacier Point,"https://dynamic-media-cdn.tripadvisor.com/media/photo-o/2a/9d/db/5b/caption.jpg?w=300&h=-1&s=1 1x,https://dynamic-media-cdn.tripadvisor.com/media/photo-o/2a/9d/db/5b/caption.jpg?w=200&h=200&s=1 2x"
Glacier Point,"https://dynamic-media-cdn.tripadvisor.com/media/photo-o/2a/9d/db/5a/caption.jpg?w=300&h=-1&s=1 1x,https://dynamic-media-cdn.tripadvisor.com/media/photo-o/2a/9d/db/5a/caption.jpg?w=200&h=200&s=1 2x"
Glacier Point,"https://dynamic-media-cdn.tripadvisor.com/media/photo-o/2a/9d/db/59/caption.jpg?w=300&h=-1&s=1 1x,https://dynamic-media-cdn.tripadvisor.com/media/photo-o/2a/9d/db/59/caption.jpg?w=200&h=200&s=1 2x"
Glacier Point,"https://dynamic-media-cdn.tripadvisor.com/media/photo-o/2a/9d/db/58/caption.jpg?w=300&h=-1&s=1 1x,https://dynamic-media-cdn.tripadvisor.com/media/photo-o/2a/9d/db/58/caption.jpg?w=200&h=200&s=1 2x"
Glacier Point,"https://dynamic-media-cdn.tripadvisor.com/media/photo-o/2a/9d/db/57/caption.jpg?w=300&h=-1&s=1 1x,https://dynamic-media-cdn.tripadvisor.com/media/photo-o/2a/9d/db/57/caption.jpg?w=200&h=200&s=1 2x"
Glacier Point,"https://dynamic-media-cdn.tripadvisor.com/media/photo-o/1c/2d/e3/fc/four-mile-trail.jpg?w=200&h=-1&s=1 1x,https://dynamic-media-cdn.tripadvisor.com/media/photo-o/1c/2d/e3/fc/four-mile-trail.jpg?w=200&h=200&s=1 2x"
Glacier Point,"https://dynamic-media-cdn.tripadvisor.com/media/photo-o/1c/2d/e3/fa/four-mile-trail.jpg?w=100&h=-1&s=1 1x,https://dynamic-media-cdn.tripadvisor.com/media/photo-o/1c/2d/e3/fa/four-mile-trail.jpg?w=200&h=200&s=1 2x"
Glacier Point,"https://dynamic-media-cdn.tripadvisor.com/media/photo-o/1c/2d/e3/f9/four-mile-trail.jpg?w=100&h=-1&s=1 1x,https://dynamic-media-cdn.tripadvisor.com/media/photo-o/1c/2d/e3/f9/four-mile-trail.jpg?w=200&h=200&s=1 2x"
Glacier Point,"https://dynamic-media-cdn.tripadvisor.com/media/photo-o/1c/2d/e3/f8/four-mile-trail.jpg?w=100&h=-1&s=1 1x,https://dynamic-media-cdn.tripadvisor.com/media/photo-o/1c/2d/e3/f8/four-mile-trail.jpg?w=200&h=200&s=1 2x"
Glacier Point,"https://dynamic-media-cdn.tripadvisor.com/media/photo-o/1c/2d/e3/f7/four-mile-trail.jpg?w=200&h=-1&s=1 1x,https://dynamic-media-cdn.tripadvisor.com/media/photo-o/1c/2d/e3/f7/four-mile-trail.jpg?w=200&h=200&s=1 2x"
Glacier Point,"https://dynamic-media-cdn.tripadvisor.com/media/photo-o/1c/2d/e3/f6/four-mile-trail.jpg?w=100&h=-1&s=1 1x,https://dynamic-media-cdn.tripadvisor.com/media/photo-o/1c/2d/e3/f6/four-mile-trail.jpg?w=200&h=200&s=1 2x"
Glacier Point,"https://dynamic-media-cdn.tripadvisor.com/media/photo-o/1c/2d/e3/f5/four-mile-trail.jpg?w=100&h=-1&s=1 1x,https://dynamic-media-cdn.tripadvisor.com/media/photo-o/1c/2d/e3/f5/four-mile-trail.jpg?w=200&h=200&s=1 2x"
Glacier Point,"https://dynamic-media-cdn.tripadvisor.com/media/photo-o/1c/2d/e3/f4/four-mile-trail.jpg?w=200&h=-1&s=1 1x,https://dynamic-media-cdn.tripadvisor.com/media/photo-o/1c/2d/e3/f4/four-mile-trail.jpg?w=200&h=200&s=1 2x"
Glacier Point,"https://dynamic-media-cdn.tripadvisor.com/media/photo-o/1c/2d/e3/f3/four-mile-trail.jpg?w=200&h=-1&s=1 1x,https://dynamic-media-cdn.tripadvisor.com/media/photo-o/1c/2d/e3/f3/four-mile-trail.jpg?w=200&h=200&s=1 2x"
Glacier Point,"https://dynamic-media-cdn.tripadvisor.com/media/photo-o/1c/2d/e3/f1/four-mile-trail.jpg?w=200&h=-1&s=1 1x,https://dynamic-media-cdn.tripadvisor.com/media/photo-o/1c/2d/e3/f1/four-mile-trail.jpg?w=200&h=200&s=1 2x"
Glacier Point,"https://dynamic-media-cdn.tripadvisor.com/media/photo-o/1c/2d/e2/9e/4-mile-trail.jpg?w=200&h=-1&s=1 1x,https://dynamic-media-cdn.tripadvisor.com/media/photo-o/1c/2d/e2/9e/4-mile-trail.jpg?w=200&h=200&s=1 2x"
Glacier Point,"https://dynamic-media-cdn.tripadvisor.com/media/photo-o/1c/2d/e2/9d/4-mile-trail.jpg?w=100&h=-1&s=1 1x,https://dynamic-media-cdn.tripadvisor.com/media/photo-o/1c/2d/e2/9d/4-mile-trail.jpg?w=200&h=200&s=1 2x"
Glacier Point,"https://dynamic-media-cdn.tripadvisor.com/media/photo-o/1c/2d/e2/9a/4-mile-trail.jpg?w=200&h=-1&s=1 1x,https://dynamic-media-cdn.tripadvisor.com/media/photo-o/1c/2d/e2/9a/4-mile-trail.jpg?w=200&h=200&s=1 2x"
Glacier Point,"https://dynamic-media-cdn.tripadvisor.com/media/photo-o/1c/2d/e2/11/glacier-point-start-of.jpg?w=100&h=-1&s=1 1x,https://dynamic-media-cdn.tripadvisor.com/media/photo-o/1c/2d/e2/11/glacier-point-start-of.jpg?w=200&h=200&s=1 2x"
Glacier Point,"https://dynamic-media-cdn.tripadvisor.com/media/photo-o/1c/2d/e2/10/glacier-point-start-of.jpg?w=200&h=-1&s=1 1x,https://dynamic-media-cdn.tripadvisor.com/media/photo-o/1c/2d/e2/10/glacier-point-start-of.jpg?w=200&h=200&s=1 2x"
Glacier Point,"https://dynamic-media-cdn.tripadvisor.com/media/photo-o/1c/2d/e2/0f/glacier-point-start-of.jpg?w=200&h=-1&s=1 1x,https://dynamic-media-cdn.tripadvisor.com/media/photo-o/1c/2d/e2/0f/glacier-point-start-of.jpg?w=200&h=200&s=1 2x"
Glacier Point,"https://dynamic-media-cdn.tripadvisor.com/media/photo-o/1c/2d/e2/0e/glacier-point-start-of.jpg?w=200&h=-1&s=1 1x,https://dynamic-media-cdn.tripadvisor.com/media/photo-o/1c/2d/e2/0e/glacier-point-start-of.jpg?w=200&h=200&s=1 2x"
Glacier Point,"https://dynamic-media-cdn.tripadvisor.com/media/photo-o/1b/fe/20/40/continuation-of-walking.jpg?w=100&h=-1&s=1 1x,https://dynamic-media-cdn.tripadvisor.com/media/photo-o/1b/fe/20/40/continuation-of-walking.jpg?w=200&h=200&s=1 2x"
Glacier Point,"https://dynamic-media-cdn.tripadvisor.com/media/photo-o/1b/fe/20/2c/half-dome.jpg?w=100&h=-1&s=1 1x,https://dynamic-media-cdn.tripadvisor.com/media/photo-o/1b/fe/20/2c/half-dome.jpg?w=200&h=200&s=1 2x"
Glacier Point,"https://dynamic-media-cdn.tripadvisor.com/media/photo-o/1b/fe/20/1b/view-from-parking-area.jpg?w=100&h=-1&s=1 1x,https://dynamic-media-cdn.tripadvisor.com/media/photo-o/1b/fe/20/1b/view-from-parking-area.jpg?w=200&h=200&s=1 2x"
Glacier Point,"https://dynamic-media-cdn.tripadvisor.com/media/photo-o/1b/fe/20/0e/closer-view-of-a-very.jpg?w=200&h=-1&s=1 1x,https://dynamic-media-cdn.tripadvisor.com/media/photo-o/1b/fe/20/0e/closer-view-of-a-very.jpg?w=200&h=200&s=1 2x"
Glacier Point,"https://dynamic-media-cdn.tripadvisor.com/media/photo-o/1b/fe/1f/f9/half-dome-to-your-left.jpg?w=200&h=-1&s=1 1x,https://dynamic-media-cdn.tripadvisor.com/media/photo-o/1b/fe/1f/f9/half-dome-to-your-left.jpg?w=200&h=200&s=1 2x"
Glacier Point,"https://dynamic-media-cdn.tripadvisor.com/media/photo-o/1b/fe/1f/e4/older-sign-of-glacer.jpg?w=200&h=-1&s=1 1x,https://dynamic-media-cdn.tripadvisor.com/media/photo-o/1b/fe/1f/e4/older-sign-of-glacer.jpg?w=200&h=200&s=1 2x"
Glacier Point,"https://dynamic-media-cdn.tripadvisor.com/media/photo-o/1b/50/5d/21/glacier-point.jpg?w=100&h=-1&s=1 1x,https://dynamic-media-cdn.tripadvisor.com/media/photo-o/1b/50/5d/21/glacier-point.jpg?w=200&h=200&s=1 2x"
Glacier Point,"https://dynamic-media-cdn.tripadvisor.com/media/photo-o/1b/50/5d/20/glacier-point.jpg?w=200&h=-1&s=1 1x,https://dynamic-media-cdn.tripadvisor.com/media/photo-o/1b/50/5d/20/glacier-point.jpg?w=200&h=200&s=1 2x"
Glacier Point,"https://dynamic-media-cdn.tripadvisor.com/media/photo-o/1b/50/5d/1f/glacier-point.jpg?w=200&h=-1&s=1 1x,https://dynamic-media-cdn.tripadvisor.com/media/photo-o/1b/50/5d/1f/glacier-point.jpg?w=200&h=200&s=1 2x"
Glacier Point,"https://dynamic-media-cdn.tripadvisor.com/media/photo-o/1b/50/5d/1e/glacier-point.jpg?w=100&h=-1&s=1 1x,https://dynamic-media-cdn.tripadvisor.com/media/photo-o/1b/50/5d/1e/glacier-point.jpg?w=200&h=200&s=1 2x"
Glacier Point,"https://dynamic-media-cdn.tripadvisor.com/media/photo-o/1b/50/5d/1d/glacier-point.jpg?w=200&h=-1&s=1 1x,https://dynamic-media-cdn.tripadvisor.com/media/photo-o/1b/50/5d/1d/glacier-point.jpg?w=200&h=200&s=1 2x"
Glacier Point,"https://dynamic-media-cdn.tripadvisor.com/media/photo-o/1b/50/5d/1c/glacier-point.jpg?w=200&h=-1&s=1 1x,https://dynamic-media-cdn.tripadvisor.com/media/photo-o/1b/50/5d/1c/glacier-point.jpg?w=200&h=200&s=1 2x"
Glacier Point,"https://dynamic-media-cdn.tripadvisor.com/media/photo-o/1b/50/5d/1b/glacier-point.jpg?w=200&h=-1&s=1 1x,https://dynamic-media-cdn.tripadvisor.com/media/photo-o/1b/50/5d/1b/glacier-point.jpg?w=200&h=200&s=1 2x"
Glacier Point,"https://dynamic-media-cdn.tripadvisor.com/media/photo-o/1b/50/5d/1a/glacier-point.jpg?w=100&h=-1&s=1 1x,https://dynamic-media-cdn.tripadvisor.com/media/photo-o/1b/50/5d/1a/glacier-point.jpg?w=200&h=200&s=1 2x"
Glacier Point,"https://dynamic-media-cdn.tripadvisor.com/media/photo-o/1b/50/5d/19/glacier-point.jpg?w=200&h=-1&s=1 1x,https://dynamic-media-cdn.tripadvisor.com/media/photo-o/1b/50/5d/19/glacier-point.jpg?w=200&h=200&s=1 2x"
Glacier Point,"https://dynamic-media-cdn.tripadvisor.com/media/photo-o/1b/50/5d/18/glacier-point.jpg?w=200&h=-1&s=1 1x,https://dynamic-media-cdn.tripadvisor.com/media/photo-o/1b/50/5d/18/glacier-point.jpg?w=200&h=200&s=1 2x"
Glacier Point,"https://dynamic-media-cdn.tripadvisor.com/media/photo-o/1b/50/5d/17/glacier-point.jpg?w=100&h=-1&s=1 1x,https://dynamic-media-cdn.tripadvisor.com/media/photo-o/1b/50/5d/17/glacier-point.jpg?w=200&h=200&s=1 2x"
Glacier Point,"https://dynamic-media-cdn.tripadvisor.com/media/photo-o/1b/50/5d/16/glacier-point.jpg?w=100&h=-1&s=1 1x,https://dynamic-media-cdn.tripadvisor.com/media/photo-o/1b/50/5d/16/glacier-point.jpg?w=200&h=200&s=1 2x"
Glacier Point,"https://dynamic-media-cdn.tripadvisor.com/media/photo-o/1b/50/5d/15/glacier-point.jpg?w=200&h=-1&s=1 1x,https://dynamic-media-cdn.tripadvisor.com/media/photo-o/1b/50/5d/15/glacier-point.jpg?w=200&h=200&s=1 2x"
Glacier Point,"https://dynamic-media-cdn.tripadvisor.com/media/photo-o/1b/50/5d/14/glacier-point.jpg?w=100&h=-1&s=1 1x,https://dynamic-media-cdn.tripadvisor.com/media/photo-o/1b/50/5d/14/glacier-point.jpg?w=200&h=200&s=1 2x"
Glacier Point,"https://dynamic-media-cdn.tripadvisor.com/media/photo-o/1b/50/5d/13/glacier-point.jpg?w=200&h=-1&s=1 1x,https://dynamic-media-cdn.tripadvisor.com/media/photo-o/1b/50/5d/13/glacier-point.jpg?w=200&h=200&s=1 2x"
Glacier Point,"https://dynamic-media-cdn.tripadvisor.com/media/photo-o/1b/50/5d/12/glacier-point.jpg?w=100&h=-1&s=1 1x,https://dynamic-media-cdn.tripadvisor.com/media/photo-o/1b/50/5d/12/glacier-point.jpg?w=200&h=200&s=1 2x"
Glacier Point,"https://dynamic-media-cdn.tripadvisor.com/media/photo-o/1b/50/5d/11/glacier-point.jpg?w=200&h=-1&s=1 1x,https://dynamic-media-cdn.tripadvisor.com/media/photo-o/1b/50/5d/11/glacier-point.jpg?w=200&h=200&s=1 2x"
Glacier Point,"https://dynamic-media-cdn.tripadvisor.com/media/photo-o/1b/50/5d/10/glacier-point.jpg?w=200&h=-1&s=1 1x,https://dynamic-media-cdn.tripadvisor.com/media/photo-o/1b/50/5d/10/glacier-point.jpg?w=200&h=200&s=1 2x"
Glacier Point,"https://dynamic-media-cdn.tripadvisor.com/media/photo-o/1b/50/5d/0f/glacier-point.jpg?w=200&h=-1&s=1 1x,https://dynamic-media-cdn.tripadvisor.com/media/photo-o/1b/50/5d/0f/glacier-point.jpg?w=200&h=200&s=1 2x"
Glacier Point,"https://dynamic-media-cdn.tripadvisor.com/media/photo-o/1b/50/5d/0e/glacier-point.jpg?w=200&h=-1&s=1 1x,https://dynamic-media-cdn.tripadvisor.com/media/photo-o/1b/50/5d/0e/glacier-point.jpg?w=200&h=200&s=1 2x"
Glacier Point,"https://dynamic-media-cdn.tripadvisor.com/media/photo-o/1b/50/5d/0d/glacier-point.jpg?w=200&h=-1&s=1 1x,https://dynamic-media-cdn.tripadvisor.com/media/photo-o/1b/50/5d/0d/glacier-point.jpg?w=200&h=200&s=1 2x"
Glacier Point,"https://dynamic-media-cdn.tripadvisor.com/media/photo-o/1b/50/5d/0c/glacier-point.jpg?w=100&h=-1&s=1 1x,https://dynamic-media-cdn.tripadvisor.com/media/photo-o/1b/50/5d/0c/glacier-point.jpg?w=200&h=200&s=1 2x"
Glacier Point,"https://dynamic-media-cdn.tripadvisor.com/media/photo-o/1b/50/5d/0b/glacier-point.jpg?w=200&h=-1&s=1 1x,https://dynamic-media-cdn.tripadvisor.com/media/photo-o/1b/50/5d/0b/glacier-point.jpg?w=200&h=200&s=1 2x"
Glacier Point,"https://dynamic-media-cdn.tripadvisor.com/media/photo-o/1b/50/5d/0a/glacier-point.jpg?w=100&h=-1&s=1 1x,https://dynamic-media-cdn.tripadvisor.com/media/photo-o/1b/50/5d/0a/glacier-point.jpg?w=200&h=200&s=1 2x"
Glacier Point,"https://dynamic-media-cdn.tripadvisor.com/media/photo-o/1b/50/5d/09/glacier-point.jpg?w=200&h=-1&s=1 1x,https://dynamic-media-cdn.tripadvisor.com/media/photo-o/1b/50/5d/09/glacier-point.jpg?w=200&h=200&s=1 2x"
Glacier Point,"https://dynamic-media-cdn.tripadvisor.com/media/photo-o/1b/50/5d/08/glacier-point.jpg?w=200&h=-1&s=1 1x,https://dynamic-media-cdn.tripadvisor.com/media/photo-o/1b/50/5d/08/glacier-point.jpg?w=200&h=200&s=1 2x"
Glacier Point,"https://dynamic-media-cdn.tripadvisor.com/media/photo-o/1b/50/5d/05/glacier-point.jpg?w=100&h=-1&s=1 1x,https://dynamic-media-cdn.tripadvisor.com/media/photo-o/1b/50/5d/05/glacier-point.jpg?w=200&h=200&s=1 2x"
Glacier Point,"https://dynamic-media-cdn.tripadvisor.com/media/photo-o/1b/50/5d/03/glacier-point.jpg?w=100&h=-1&s=1 1x,https://dynamic-media-cdn.tripadvisor.com/media/photo-o/1b/50/5d/03/glacier-point.jpg?w=200&h=200&s=1 2x"
Glacier Point,"https://dynamic-media-cdn.tripadvisor.com/media/photo-o/1b/50/5d/01/glacier-point.jpg?w=100&h=-1&s=1 1x,https://dynamic-media-cdn.tripadvisor.com/media/photo-o/1b/50/5d/01/glacier-point.jpg?w=200&h=200&s=1 2x"
Glacier Point,"https://dynamic-media-cdn.tripadvisor.com/media/photo-o/1b/50/5c/fb/glacier-point.jpg?w=200&h=-1&s=1 1x,https://dynamic-media-cdn.tripadvisor.com/media/photo-o/1b/50/5c/fb/glacier-point.jpg?w=200&h=200&s=1 2x"
Glacier Point,"https://dynamic-media-cdn.tripadvisor.com/media/photo-o/1b/50/5c/fa/glacier-point.jpg?w=200&h=-1&s=1 1x,https://dynamic-media-cdn.tripadvisor.com/media/photo-o/1b/50/5c/fa/glacier-point.jpg?w=200&h=200&s=1 2x"
Glacier Point,"https://dynamic-media-cdn.tripadvisor.com/media/photo-o/1b/50/5c/f7/glacier-point.jpg?w=200&h=-1&s=1 1x,https://dynamic-media-cdn.tripadvisor.com/media/photo-o/1b/50/5c/f7/glacier-point.jpg?w=200&h=200&s=1 2x"
Glacier Point,"https://dynamic-media-cdn.tripadvisor.com/media/photo-o/29/e1/3e/15/caption.jpg?w=200&h=-1&s=1 1x,https://dynamic-media-cdn.tripadvisor.com/media/photo-o/29/e1/3e/15/caption.jpg?w=200&h=200&s=1 2x"
Glacier Point,"https://dynamic-media-cdn.tripadvisor.com/media/photo-o/29/e1/3e/14/caption.jpg?w=200&h=-1&s=1 1x,https://dynamic-media-cdn.tripadvisor.com/media/photo-o/29/e1/3e/14/caption.jpg?w=200&h=200&s=1 2x"
Glacier Point,"https://dynamic-media-cdn.tripadvisor.com/media/photo-o/29/e1/3e/13/caption.jpg?w=200&h=-1&s=1 1x,https://dynamic-media-cdn.tripadvisor.com/media/photo-o/29/e1/3e/13/caption.jpg?w=200&h=200&s=1 2x"
Glacier Point,"https://dynamic-media-cdn.tripadvisor.com/media/photo-o/29/e1/3e/12/caption.jpg?w=200&h=-1&s=1 1x,https://dynamic-media-cdn.tripadvisor.com/media/photo-o/29/e1/3e/12/caption.jpg?w=200&h=200&s=1 2x"
